<?xml version="1.0" encoding="UTF-8"?>
<office:document-meta xmlns:office="urn:oasis:names:tc:opendocument:xmlns:office:1.0" xmlns:xlink="http://www.w3.org/1999/xlink" xmlns:dc="http://purl.org/dc/elements/1.1/" xmlns:meta="urn:oasis:names:tc:opendocument:xmlns:meta:1.0" xmlns:ooo="http://openoffice.org/2004/office" office:version="1.1"><office:meta><meta:generator>OpenOffice.org/2.3$FreeBSD/i386 OpenOffice.org_project/680m9$Build-9238</meta:generator><meta:creation-date>2006-03-09T13:07:32</meta:creation-date><dc:date>2006-03-09T13:12:04</dc:date><meta:editing-cycles>4</meta:editing-cycles><meta:editing-duration>PT4M33S</meta:editing-duration><meta:user-defined meta:name="Info 1"/><meta:user-defined meta:name="Info 2"/><meta:user-defined meta:name="Info 3"/><meta:user-defined meta:name="Info 4"/><meta:document-statistic meta:table-count="0" meta:image-count="0" meta:object-count="0" meta:page-count="1" meta:paragraph-count="12" meta:word-count="187" meta:character-count="1232"/></office:meta></office:document-meta>