<?xml version="1.0" encoding="UTF-8"?>
<office:document-styles xmlns:office="urn:oasis:names:tc:opendocument:xmlns:office:1.0" xmlns:style="urn:oasis:names:tc:opendocument:xmlns:style:1.0" xmlns:text="urn:oasis:names:tc:opendocument:xmlns:text:1.0" xmlns:table="urn:oasis:names:tc:opendocument:xmlns:table:1.0" xmlns:draw="urn:oasis:names:tc:opendocument:xmlns:drawing:1.0" xmlns:fo="urn:oasis:names:tc:opendocument:xmlns:xsl-fo-compatible:1.0" xmlns:xlink="http://www.w3.org/1999/xlink" xmlns:dc="http://purl.org/dc/elements/1.1/" xmlns:meta="urn:oasis:names:tc:opendocument:xmlns:meta:1.0" xmlns:number="urn:oasis:names:tc:opendocument:xmlns:datastyle:1.0" xmlns:svg="urn:oasis:names:tc:opendocument:xmlns:svg-compatible:1.0" xmlns:chart="urn:oasis:names:tc:opendocument:xmlns:chart:1.0" xmlns:dr3d="urn:oasis:names:tc:opendocument:xmlns:dr3d:1.0" xmlns:math="http://www.w3.org/1998/Math/MathML" xmlns:form="urn:oasis:names:tc:opendocument:xmlns:form:1.0" xmlns:script="urn:oasis:names:tc:opendocument:xmlns:script:1.0" xmlns:ooo="http://openoffice.org/2004/office" xmlns:ooow="http://openoffice.org/2004/writer" xmlns:oooc="http://openoffice.org/2004/calc" xmlns:dom="http://www.w3.org/2001/xml-events" office:version="1.0">
    <office:font-face-decls>
        <style:font-face style:name="starbats" svg:font-family="starbats" style:font-charset="x-symbol"/>
        <style:font-face style:name="Bitstream Vera Serif" svg:font-family="&apos;Bitstream Vera Serif&apos;" style:font-family-generic="roman" style:font-pitch="variable"/>
        <style:font-face style:name="Arial" svg:font-family="Arial" style:font-family-generic="swiss" style:font-pitch="variable"/>
        <style:font-face style:name="Andale Sans UI" svg:font-family="&apos;Andale Sans UI&apos;" style:font-family-generic="system" style:font-pitch="variable"/>
        <style:font-face style:name="Arial1" svg:font-family="Arial" style:font-family-generic="system" style:font-pitch="variable"/>
        <style:font-face style:name="Courier" svg:font-family="Courier" style:font-adornments="Regular" style:font-family-generic="modern" style:font-pitch="fixed"/>
        <style:font-face style:name="Bitstream Vera Sans" svg:font-family="&apos;Bitstream Vera Sans&apos;" style:font-family-generic="system" style:font-pitch="variable"/>
    </office:font-face-decls>
    <office:styles>
        <style:default-style style:family="graphic">
            <style:graphic-properties draw:shadow-offset-x="0.3cm" draw:shadow-offset-y="0.3cm" draw:start-line-spacing-horizontal="0.283cm" draw:start-line-spacing-vertical="0.283cm" draw:end-line-spacing-horizontal="0.283cm" draw:end-line-spacing-vertical="0.283cm" style:flow-with-text="true"/>
            <style:paragraph-properties style:text-autospace="ideograph-alpha" style:line-break="strict" style:writing-mode="lr-tb" style:font-independent-line-spacing="false">
                <style:tab-stops/>
            </style:paragraph-properties>
            <style:text-properties fo:color="#000000" fo:font-size="12pt" fo:language="en" fo:country="US" style:font-size-asian="12pt" style:language-asian="en" style:country-asian="US" style:font-size-complex="12pt" style:language-complex="en" style:country-complex="US"/>
        </style:default-style>
        <style:default-style style:family="paragraph">
            <style:paragraph-properties style:text-autospace="ideograph-alpha" style:punctuation-wrap="hanging" style:line-break="strict" style:writing-mode="lr-tb"/><style:text-properties fo:color="#000000" style:font-name="Bitstream Vera Serif" fo:font-size="12pt" fo:language="en" fo:country="US" style:font-name-asian="Bitstream Vera Sans" style:font-size-asian="12pt" style:language-asian="en" style:country-asian="US" style:font-name-complex="Andale Sans UI" style:font-size-complex="12pt" style:language-complex="en" style:country-complex="US"/>
        </style:default-style>
        <style:default-style style:family="table">
            <style:table-properties table:border-model="separating"/>
        </style:default-style>
        <style:default-style style:family="table-row">
            <style:table-row-properties fo:keep-together="auto"/>
        </style:default-style>
        <style:style style:name="Standard" style:family="paragraph" style:class="text"/>
        <style:style style:name="Text_20_body" style:display-name="Text body" style:family="paragraph" style:parent-style-name="Standard" style:class="text">
            <style:paragraph-properties fo:margin-top="0cm" fo:margin-bottom="0.212cm"/>
        </style:style>
        <style:style style:name="Pre" style:family="paragraph" style:parent-style-name="Standard" style:class="text">
          <style:paragraph-properties fo:margin-left="0.15in" fo:margin-right="0.15in" fo:margin-top="0.1492in" fo:margin-bottom="0.15in" fo:keep-together="always" fo:text-indent="0in" style:auto-text-indent="false">
            <style:tab-stops/>
          </style:paragraph-properties>
          <style:text-properties style:font-name="Courier" fo:font-size="10pt" style:font-size-asian="10pt" style:font-size-complex="10pt"/>
        </style:style>
        <style:style style:name="Heading" style:family="paragraph" style:parent-style-name="Standard" style:next-style-name="Text_20_body" style:list-style-name="Outline" style:class="text" style:default-outline-level="1">
            <style:paragraph-properties fo:margin-top="0.423cm" fo:margin-bottom="0.212cm" fo:keep-with-next="always"/><style:text-properties style:font-name="Arial" fo:font-size="14pt" style:font-name-asian="Arial1" style:font-size-asian="14pt" style:font-name-complex="Arial1" style:font-size-complex="14pt"/>
        </style:style>
        <style:style style:name="Heading_20_1" style:display-name="Heading 1" style:family="paragraph" style:parent-style-name="Heading" style:next-style-name="Text_20_body" style:class="text">
            <style:text-properties fo:font-size="115%" fo:font-weight="bold" style:font-size-asian="115%" style:font-weight-asian="bold" style:font-size-complex="115%" style:font-weight-complex="bold"/>
        </style:style>
        <style:style style:name="Heading_20_2" style:display-name="Heading 2" style:family="paragraph" style:parent-style-name="Heading" style:next-style-name="Text_20_body" style:list-style-name="Outline" style:class="text" style:default-outline-level="2">
            <style:text-properties fo:font-size="14pt" fo:font-style="italic" fo:font-weight="bold" style:font-size-asian="14pt" style:font-style-asian="italic" style:font-weight-asian="bold" style:font-size-complex="14pt" style:font-style-complex="italic" style:font-weight-complex="bold"/>
        </style:style>
        <style:style style:name="Heading_20_3" style:display-name="Heading 3" style:family="paragraph" style:parent-style-name="Heading" style:next-style-name="Text_20_body" style:list-style-name="Outline" style:class="text" style:default-outline-level="3">
            <style:text-properties fo:font-size="14pt" fo:font-weight="bold" style:font-size-asian="14pt" style:font-weight-asian="bold" style:font-size-complex="14pt" style:font-weight-complex="bold"/>
        </style:style>
        <style:style style:name="Heading_20_4" style:display-name="Heading 4" style:family="paragraph" style:parent-style-name="Heading" style:next-style-name="Text_20_body" style:list-style-name="Outline" style:class="text" style:default-outline-level="4">
            <style:text-properties fo:font-size="85%" fo:font-style="italic" fo:font-weight="bold" style:font-size-asian="85%" style:font-style-asian="italic" style:font-weight-asian="bold" style:font-size-complex="85%" style:font-style-complex="italic" style:font-weight-complex="bold"/>
        </style:style>
        <style:style style:name="Heading_20_5" style:display-name="Heading 5" style:family="paragraph" style:parent-style-name="Heading" style:next-style-name="Text_20_body" style:list-style-name="Outline" style:class="text" style:default-outline-level="5">
            <style:text-properties fo:font-size="85%" fo:font-weight="bold" style:font-size-asian="85%" style:font-weight-asian="bold" style:font-size-complex="85%" style:font-weight-complex="bold"/>
        </style:style>
        <style:style style:name="Heading_20_6" style:display-name="Heading 6" style:family="paragraph" style:parent-style-name="Heading" style:next-style-name="Text_20_body" style:list-style-name="Outline" style:class="text" style:default-outline-level="6">
            <style:text-properties fo:font-size="75%" fo:font-weight="bold" style:font-size-asian="75%" style:font-weight-asian="bold" style:font-size-complex="75%" style:font-weight-complex="bold"/>
        </style:style>
        <style:style style:name="Heading_20_7" style:display-name="Heading 7" style:family="paragraph" style:parent-style-name="Heading" style:next-style-name="Text_20_body" style:list-style-name="Outline" style:class="text" style:default-outline-level="7">
            <style:text-properties fo:font-size="75%" fo:font-weight="bold" style:font-size-asian="75%" style:font-weight-asian="bold" style:font-size-complex="75%" style:font-weight-complex="bold"/>
        </style:style>
        <style:style style:name="Heading_20_8" style:display-name="Heading 8" style:family="paragraph" style:parent-style-name="Heading" style:next-style-name="Text_20_body" style:list-style-name="Outline" style:class="text" style:default-outline-level="8">
            <style:text-properties fo:font-size="75%" fo:font-weight="bold" style:font-size-asian="75%" style:font-weight-asian="bold" style:font-size-complex="75%" style:font-weight-complex="bold"/>
        </style:style>
        <style:style style:name="Heading_20_9" style:display-name="Heading 9" style:family="paragraph" style:parent-style-name="Heading" style:next-style-name="Text_20_body" style:list-style-name="Outline" style:class="text" style:default-outline-level="9">
            <style:text-properties fo:font-size="75%" fo:font-weight="bold" style:font-size-asian="75%" style:font-weight-asian="bold" style:font-size-complex="75%" style:font-weight-complex="bold"/>
        </style:style>
        <style:style style:name="Table_20_Contents" style:display-name="Table Contents" style:family="paragraph" style:parent-style-name="Standard" style:class="extra">
            <style:paragraph-properties text:number-lines="false" text:line-number="0"/>
        </style:style>
        <style:style style:name="Caption" style:family="paragraph" style:parent-style-name="Standard" style:class="extra">
            <style:paragraph-properties fo:margin-top="0.212cm" fo:margin-bottom="0.212cm" text:number-lines="false" text:line-number="0"/><style:text-properties fo:font-size="10pt" fo:font-style="italic" style:font-size-asian="10pt" style:font-style-asian="italic" style:font-size-complex="10pt" style:font-style-complex="italic"/>
        </style:style>
        <style:style style:name="Illustration" style:family="paragraph" style:parent-style-name="Caption" style:class="extra"/>
        <style:style style:name="Frame_20_contents" style:display-name="Frame contents" style:family="paragraph" style:parent-style-name="Text_20_body" style:class="extra"/>
        <style:style style:name="Index" style:family="paragraph" style:parent-style-name="Standard" style:class="index">
            <style:paragraph-properties text:number-lines="false" text:line-number="0"/>
        </style:style>
        <style:style style:name="Contents_20_Heading" style:display-name="Contents Heading" style:family="paragraph" style:parent-style-name="Heading" style:class="index">
            <style:paragraph-properties fo:margin-left="0cm" fo:margin-right="0cm" fo:text-indent="0cm" style:auto-text-indent="false" text:number-lines="false" text:line-number="0"/><style:text-properties fo:font-size="16pt" fo:font-weight="bold" style:font-size-asian="16pt" style:font-weight-asian="bold" style:font-size-complex="16pt" style:font-weight-complex="bold"/>
        </style:style>
        <style:style style:name="Contents_20_1" style:display-name="Contents 1" style:family="paragraph" style:parent-style-name="Index" style:class="index">
            <style:paragraph-properties fo:margin-left="0cm" fo:margin-right="0cm" fo:text-indent="0cm" style:auto-text-indent="false">
                <style:tab-stops>
                    <style:tab-stop style:position="17.59cm" style:type="right" style:leader-style="dotted" style:leader-text="."/>
                </style:tab-stops>
            </style:paragraph-properties>
        </style:style>
        <style:style style:name="Numbering_20_Symbols" style:display-name="Numbering Symbols" style:family="text"/>
        <style:style style:name="Internet_20_link" style:display-name="Internet link" style:family="text">
            <style:text-properties fo:color="#000080" style:text-underline-style="solid" style:text-underline-width="auto" style:text-underline-color="font-color"/>
        </style:style>
        <style:style style:name="Frame" style:family="graphic">
            <style:graphic-properties text:anchor-type="paragraph" svg:x="0cm" svg:y="0cm" fo:margin-left="0.201cm" fo:margin-right="0.201cm" fo:margin-top="0.201cm" fo:margin-bottom="0.201cm" style:wrap="parallel" style:number-wrapped-paragraphs="no-limit" style:wrap-contour="false" style:vertical-pos="top" style:vertical-rel="paragraph-content" style:horizontal-pos="center" style:horizontal-rel="paragraph-content" fo:padding="0.15cm" fo:border="0.002cm solid #000000"/>
        </style:style>
        <style:style style:name="Graphics" style:family="graphic">
            <style:graphic-properties text:anchor-type="paragraph" svg:x="0cm" svg:y="0cm" style:wrap="dynamic" style:number-wrapped-paragraphs="no-limit" style:wrap-contour="false" style:vertical-pos="top" style:vertical-rel="paragraph" style:horizontal-pos="center" style:horizontal-rel="paragraph"/>
        </style:style>
        <text:list-style style:name="Outline">
            <text:list-level-style-number text:level="1" style:num-format="">
                <style:list-level-properties text:min-label-distance="0.381cm"/>
            </text:list-level-style-number>
            <text:list-level-style-number text:level="2" style:num-format="">
                <style:list-level-properties text:min-label-distance="0.381cm"/>
            </text:list-level-style-number>
            <text:list-level-style-number text:level="3" style:num-format="">
                <style:list-level-properties text:min-label-distance="0.381cm"/>
            </text:list-level-style-number>
            <text:list-level-style-number text:level="4" style:num-format="">
                <style:list-level-properties text:min-label-distance="0.381cm"/>
            </text:list-level-style-number>
            <text:list-level-style-number text:level="5" style:num-format="">
                <style:list-level-properties text:min-label-distance="0.381cm"/>
            </text:list-level-style-number>
            <text:list-level-style-number text:level="6" style:num-format="">
                <style:list-level-properties text:min-label-distance="0.381cm"/>
            </text:list-level-style-number>
            <text:list-level-style-number text:level="7" style:num-format="">
                <style:list-level-properties text:min-label-distance="0.381cm"/>
            </text:list-level-style-number>
            <text:list-level-style-number text:level="8" style:num-format="">
                <style:list-level-properties text:min-label-distance="0.381cm"/>
            </text:list-level-style-number>
            <text:list-level-style-number text:level="9" style:num-format="">
                <style:list-level-properties text:min-label-distance="0.381cm"/>
            </text:list-level-style-number>
            <text:list-level-style-number text:level="10" style:num-format="">
                <style:list-level-properties text:min-label-distance="0.381cm"/>
            </text:list-level-style-number>
        </text:list-style>
        <text:notes-configuration text:note-class="footnote" style:num-format="1" text:start-value="0" text:footnotes-position="page" text:start-numbering-at="document"/>
        <text:notes-configuration text:note-class="endnote" style:num-format="i" text:start-value="0"/>
        <text:linenumbering-configuration text:number-lines="false" text:offset="0.499cm" style:num-format="1" text:number-position="left" text:increment="5"/>
        <style:default-page-layout>
            <style:page-layout-properties style:writing-mode="lr-tb" style:layout-grid-square-mode="false"/>
        </style:default-page-layout>
    </office:styles>
    <office:automatic-styles>
        <style:page-layout style:name="pm1">
            <style:page-layout-properties fo:page-width="21.59cm" fo:page-height="27.94cm" style:num-format="1" style:print-orientation="portrait" fo:margin-top="2cm" fo:margin-bottom="2cm" fo:margin-left="2cm" fo:margin-right="2cm" style:writing-mode="lr-tb" style:footnote-max-height="0cm">
                <style:footnote-sep style:width="0.018cm" style:distance-before-sep="0.101cm" style:distance-after-sep="0.101cm" style:adjustment="left" style:rel-width="25%" style:color="#000000"/>
            </style:page-layout-properties>
            <style:header-style/>
            <style:footer-style/>
        </style:page-layout>
    </office:automatic-styles>
    <office:master-styles>
        <style:master-page style:name="Standard" style:page-layout-name="pm1"/>
    </office:master-styles>
</office:document-styles>
